{"events_categories":[{"id":"Mumbai","title":"Events in Mumbai","description":"Mumbai is the most populous city of the state and, it is the land where dreams come true. Starting from Bollywood to trade, Mumbai is flourishing from all nooks and corners. People from various parts of the country, take up residence in Mumbai for their future and thus, you can find a diverse culture here. This caused Mumbai to be the hub for numerous cultural activities, events and festivals.","image":"https://images.unsplash.com/photo-1562979314-bee7453e911c?ixlib=rb-4.0.3&ixid=MnwxMjA3fDB8MHxwaG90by1wYWdlfHx8fGVufDB8fHx8&auto=format&fit=crop&w=774&q=80"},
{"id":"Delhi","title":"Events in Delhi","description":"Delhi celebrates many festivals and organizes several events and fairs. Despite the seasonal changes, the capital city remains busy, lively and colorful with the happenings held in the city. The city offers so much to its visitors and locals according to the season, culture and religion. Delhi is known for organizing various international festivals and fairs to promote tourism, which attracts a large number of tourists every year.","image":"https://images.unsplash.com/photo-1587474260584-136574528ed5?ixlib=rb-4.0.3&ixid=MnwxMjA3fDB8MHxwaG90by1wYWdlfHx8fGVufDB8fHx8&auto=format&fit=crop&w=1770&q=80"},
{"id":"Bangalore","title":"Events in Bangalore","description":"Enjoying the oh-so-pleasant Bangalore weather is easy to do, with the city hosting a bunch of events ever so often. There is always something fun happening in and around town for you to check out, whether you enjoy shopping, learning something new, or live shows. Here are the top events that you can attend in April in Bangalore. Some of these are quickly filling up as we type, so whether it's early bird passes or final phase tickets, grab them now!","image":"https://wallpaperaccess.com/full/1906275.jpg"},
{"id":"Chandigarh","title":"Events in Chandigarh","description":"Chandigarh is a beautiful city in northern India that is renowned for its modern architecture, lush gardens, and rich cultural heritage. The city boasts a vibrant events calendar, with numerous festivals and events taking place throughout the year. These events celebrate the region's art, culture, food, music, and traditions, and offer visitors a unique opportunity to experience the local way of life.","image":"https://e1.pxfuel.com/desktop-wallpaper/984/956/desktop-wallpaper-a-grapher-captures-the-evolution-of-le-corbusier-s-chandigarh-le-corbusier.jpg"},
{"id":"Patna","title":"Events in Patna","description":"Patna is the capital city of Bihar, one of the oldest and most culturally rich states in India. The city has a deep history that spans over thousands of years and is known for its rich heritage, art, and culture. Patna hosts several events throughout the year, which celebrate the city's unique identity and bring people from different parts of the country and the world together. These events are a testament to the city's cultural diversity, and each one offers visitors a unique insight into the local way of life.","image":"https://pbs.twimg.com/media/DicyWiCVsAAN1nU?format=jpg&name=900x900"}],
"allEvents":[{"id":"sunburn arena","title":"Sunburn Arena Ft. Boris Brejcha - Mumbai","city":"Mumbai","description":"Ladies and gentlemen, it's time to get your dancing shoes on as we welcome you to an unforgettable night of music and entertainment. We are thrilled to present Sunburn Arena featuring the one and only Boris Brejcha, the German DJ and producer known for his unique style of high-tech","time":"Fri, 5 May, 10:30 pm","place":"DOME, NSCI, SVP Stadium:Mumbai", "image":"https://assets-in.bmscdn.com/nmcms/events/banner/desktop/media-desktop-sunburn-arena-ft-boris-brejcha-mumbai-0-2023-4-27-t-11-9-3.jpg","emails_registered":[]},
{"id":"sonu nigam live","title":"Sonu Nigam Live In Concert - Mumbai","city":"Mumbai","description":"Sonu Nigam is performing live again in Mumbai on public demand. Sonu Nigam is a playback singer, music composer and actor who primarily works in Hindi and Kannada film industries.","time":"Fri 09 Jun 2023 at 7:30 PM","place":"Shanmukhananda Hall: Mumbai", "image":"https://assets-in.bmscdn.com/nmcms/events/banner/desktop/media-desktop-sonu-nigam-live-in-concert-0-2023-4-7-t-5-3-57.jpg","emails_registered":[]},
{"id":"kumar sanu","title":"Kumar Sanu - LIVE IN CONCERT ","city":"Mumbai","description":"Kumar Sanu is a well-known Indian playback singer also known as the King of Melody in Bollywood. He has sung more than 20 thousand songs in Hindi; Bengali; Marathi and many more languages.He is also the winner of the Guinness Book of World Records 1993. He was awarded Padma Shri by the Government of India.","time":"Sat 10 Jun 2023 at 6:30 PM","place":"Shanmukhananda Hall: Mumbai", "image":"https://assets-in.bmscdn.com/nmcms/events/banner/desktop/media-desktop-kumar-sanu-live-in-concert-0-2023-3-30-t-12-5-6.jpg","emails_registered":[]},
{"id":"'dj chetas","title":"DJ Chetas Live at Xoyo Thane","city":"Mumbai","description":"Thane, Get ready for a Biggest Club Event with Bollywood No. 1 DJ, DJ Chetas.|No 1 Bollywood Dj Performing| Best Bollywood Party","time":"Sat 13 May 2023 at 8:00 PM","place":"XOYO-Bar & Club: Thane", "image":"https://assets-in.bmscdn.com/nmcms/events/banner/desktop/media-desktop-dj-chetas-live-at-xoyo-thane-0-2023-4-21-t-14-37-25.jpg","emails_registered":[]},
{"id":"samay raina","title":"Samay Raina Unfiltered - India Tour","city":"Delhi","description":"Samay Raina as always, brings an unfiltered version of himself on this tour. Bringing lots of new jokes in this tour and jokes from the last tour with a new flavour.","time":"Fri 05 May 2023 - Sun 02 Jul 2023","place":"Epicentre: Gurgaon","image":"https://assets-in.bmscdn.com/nmcms/events/banner/desktop/media-desktop-samay-raina-unfiltered-0-2023-3-8-t-6-16-0.jpg","emails_registered":[]},
{"id":"akash gupta","title":"The Half Fried Show by Aakash Gupta","city":"Delhi","description":"Aakash Gupta is building his new show after 3 years. He has a lot of raw jokes, new stories and even more weirder observations than before. It`s so much new material that he doesn`t remember it all. So come for an evening full of laughs & watch him perform live with his notebook on stage","time":"Sat 13 May 2023 - Fri 26 May 2023","place":"Comedy County: Noida","image":"https://assets-in.bmscdn.com/nmcms/events/banner/desktop/media-desktop-the-half-fried-show-by-aakash-gupta-0-2022-4-14-t-7-3-25.jpg","emails_registered":[]},
{"id":"swati Sachdeva","title":"So Rude of Me - By Swati Sachdeva","city":"Delhi","description":"Swati Sachdeva brings to you her best one hour (and a bit more) of her best jokes, only at Comedy County. Book your tickets now!","time":"Sun 21 May 2023 at 7:00 PM","place":"Comedy County: Noida","image":"https://assets-in.bmscdn.com/nmcms/events/banner/desktop/media-desktop-so-rude-of-me-by-swati-sachdeva-0-2023-4-22-t-4-49-24.jpg","emails_registered":[]},
{"id":"mc- stan","title":"Basti Ka Hasti - MC- Stan India Tour 23 - Delhi","city":"Delhi","description":"Basti Ka Hasti fame, After winning the Big Boss 2023, MC Stan is coming to your city! He will be performing across 10 cities just for his fans! Come watch him live!","time":"Sun 07 May 2023 at 7:00 PM","place":"Imperfecto Patio: Gurgaon","image":"https://assets-in.bmscdn.com/nmcms/events/banner/desktop/media-desktop-basti-ka-hasti-mc-stan-india-tour-23-delhi-0-2023-2-16-t-13-11-50.jpg","emails_registered":[]},
{"id":"harsh gujral","title":"Jo Bolta Hai Wohi Hota Hai feat Harsh Gujral","city":"Bangalore","description":"It takes exemplary courage to sit in the first two rows of a Harsh Gujral`s show because he will get you with his highly witty yet charming style.","time":"Sat 20 May 2023 at 3:00 PM","place":"Dr B.R. Ambedkar Bhavan: Bangalore","image":"https://assets-in.bmscdn.com/nmcms/events/banner/desktop/media-desktop-jo-bolta-hai-wohi-hota-hai-feat-harsh-gujral-0-2023-3-1-t-7-53-16.jpg","emails_registered":[]},
{"id":"chess connect","title":"Chess Connect / Bangalore Chess Club","city":"Bangalore","description":"Are you tired of playing chess online and looking for a way to play friendly games in person over-the-board? We have you covered. Bangalore Chess Club is here with another Chess Connect. Do you need to be a professional? NO. We have players from all age and rating categories!","time":"Sun 07 May 2023 - Sun 21 May 2023","place":"Lahe Lahe: Bangalore","image":"https://assets-in.bmscdn.com/nmcms/events/banner/desktop/media-desktop-bangalore-chess-club-0-2022-12-1-t-10-2-49.jpg","emails_registered":[]},
{"id":"Raftaar","title":"Raftaar Intensity Tour - Bangalore","city":"Bangalore","description":"Bangalore! Rap sensation, Raftaar is all set to arrive in your city with his most anticipated ‘Intensity India Tour’ on 27th May 2023.You don’t want to miss out on this one! Tickets are now available!","time":"Sat 27 May 2023 at 7:00 PM","place":"Phoenix Marketcity, Whitefield: Bangalore","image":"https://assets-in.bmscdn.com/nmcms/events/banner/desktop/media-desktop-raftaar-intensity-tour-bangalore-0-2023-3-21-t-5-45-23.jpg","emails_registered":[]},
{"id":"bollywood night","title":"Badass Bollywood Night","city":"Bangalore","description":"The very popular Friday party is back to to its predominant venue, its party hot-spot Vapour Indiranagar. We know you love the venue especially when your favourite DJ Hassan takes over the decks every Friday.","time":"Fri 05 May 2023 - Fri 26 May 2023","place":"Vapour Pub And Brewery, Indiranagar: Bangalore","image":"https://assets-in.bmscdn.com/nmcms/events/banner/desktop/media-desktop-badass-bollywood-night-0-2023-2-5-t-4-29-48.jpg","emails_registered":[]},
{"id":"vijay yadav","title":"NOT JUST HARYANVI Ft. VIJAY YADAV","city":"Chandigarh","description":"Yadav is effortless with his jokes. If you dig Hindi comedy then he can prove to be a refreshing entry to your watchlist. His jokes mainly surround Haryana, Haryanvis, his friends, and family.And don`t worry, he has promised not to threaten anyone this time.","time":"Sat 27 May 2023 at 6:00 PM","place":"The Laugh Club: Chandigarh","image":"https://assets-in.bmscdn.com/nmcms/events/banner/desktop/media-desktop-vijay-yadav-live-0-2022-2-14-t-8-40-59.jpg","emails_registered":[]},
{"id":"avy sra","title":"AVVY SRA","city":"Chandigarh","description":"avvy sra performing live on 13th may saturday night Come and enjoy your saturday night with punjabi star with punjabi hits","time":"Sat 13 May 2023 at 8:00 PM","place":"Playboy Beer Garden: Zirakpur","image":"https://assets-in.bmscdn.com/nmcms/events/banner/desktop/media-desktop-avvy-sra-0-2023-4-28-t-10-20-48.jpg","emails_registered":[]},
{"id":"raftaar chandigarh","title":"Raftaar Live in Chandigarh (Intensity Tour)","city":"Chandigarh","description":"Make some noise Chandigarh! Raftaar is bringing his much awaited Intensity India Tour to your city on 20th May 2023.","time":"Sat 20 May 2023 at 11:00 AM","place":"Gymkhana Club: Panchkula","image":"https://assets-in.bmscdn.com/nmcms/events/banner/desktop/media-desktop-raftaar-live-in-chandigarh-intensity-tour-0-2023-4-27-t-9-58-52.jpg","emails_registered":[]},
{"id":"gaurav kapoor","title":"Gaurav Kapoor Live","city":"Chandigarh","description":"Gaurav Kapoor, the funny one from Delhi is back in action with his first ever online comedy show.Gaurav is a regular featured act at comedy clubs across the country and has performed on the biggest of stages including opening for Vir Das and Russell Brand on his India tour.","time":"Sun 07 May 2023 at 07:00 PM","place":"Tagore Theatre: Chandigarh","image":"https://assets-in.bmscdn.com/nmcms/events/banner/desktop/media-desktop-gaurav-kapoor-live-0-2023-3-7-t-1-33-42.jpg","emails_registered":[]},
{"id":"rajat sood","title":"Bigad Gaye The by Rajat Sood","city":"Patna","description":"Bigad Gaye The is a show where Rajat Sood talks about major reason of getting spoiled: his love life. He is best known for his comical take on romance which will make you fall in love with the show, or maybe with him. So come to the show with all the love you have in your heart and enjoy!","time":"Sun 07 May 2023 at 07:00 PM","place":"Hotel Amalfi Grand: Patna","image":"https://assets-in.bmscdn.com/nmcms/events/banner/desktop/media-desktop-bigad-gaye-the-by-rajat-sood-0-2022-10-17-t-7-50-7.jpg","emails_registered":[]},
{"id":"comedy theatre","title":"The Comedy Theatre","city":"Patna","description":"The comedy theatre  is the best comedy club in town where in we get you the most seasoned comedians from all around the globe all under one roof. It is better known as home for comics.","time":"Sun 14 May 2023 at 07:00 PM","place":"Sri Krishna Memorial Hall: Patna","image":"https://assets-in.bmscdn.com/nmcms/events/banner/desktop/media-desktop-the-comedy-theatre-0-2023-1-19-t-6-23-48.jpg","emails_registered":[]},
{"id":"art workshop","title":"Mithila Art Workshop","city":"Patna","description":"Mithila Painting or the Madhubani Painting is an art form that originated from Bihar. These paintings are done using fingers, twigs, matchsticks, natural dyes, and pigments and have complex geometric shapes. If you wish not to get all messy, then don’t worry as you can stick to regular brushes and pens.","time":"Sat 13 May 2023 - Fri 15 May 2023","place":"Gandhi Maidan : Patna","image":"https://images.thrillophilia.com/image/upload/s--ykVu5z6k--/c_fill,h_600,q_auto,w_975/f_auto,fl_strip_profile/v1/images/photos/000/372/128/original/1619472395_Madhubani_Painting_Radha_Krishna-1.jpg.jpg?1619472395","emails_registered":[]},
{"id":"laser Show","title":"Laser Show At Mangal Talab","city":"Patna","description":"Enjoy a thrilling laser show right in the heart of Patna at Mangal Talab. Nothing about it resembles the typical laser show we watch. On the side of a natural lake, which you may see glistering in the nights as the lights from around fall on its water, at a location that is removed from the cacophony of buildings and vehicles.","time":"Fri 09 Jun 2023 at 7:30 PM","place":"Mangal Talab : Patna","image":"https://res.cloudinary.com/thrillophilia/image/upload/c_fill,f_auto,fl_progressive.strip_profile,g_auto,h_600,q_auto,w_auto/v1/filestore/1r4tg1vdxtigwdre3qkrv5dtoua4_1611222295_Akshardham-NewDelhi-Watershow-17.jpg","emails_registered":[]}]}